id;start_date;end_date;language
1;2025-05-25T22:34:58;2025-05-25T18:02:12;SPANISH
2;2025-05-25T21:11:43;2025-05-26T00:42:27;FRENCH
3;2025-05-26T01:31:21;2025-05-26T07:22:12;ENGLISH
4;2025-05-26T12:41:58;2025-05-26T02:55:38;SPANISH
5;2025-05-26T05:24:24;2025-05-25T22:15:29;SPANISH
6;2025-05-26T03:44:13;2025-05-26T15:57:16;FRENCH
7;2025-05-25T20:15:23;2025-05-25T18:10:46;ENGLISH
8;2025-05-26T13:26:25;2025-05-26T12:13:41;FRENCH
9;2025-05-26T03:40:31;2025-05-26T01:13:35;SPANISH
10;2025-05-26T00:01:42;2025-05-26T05:29:18;SPANISH
